TCGA participant ID,Gender,Cancer,BRAF mutation,history_of_colon_polyps
TCGA-A6-3807,Female,Colon,0,NO
TCGA-A6-3808,Male,Colon,0,YES
TCGA-A6-3810,Male,Colon,0,YES
TCGA-AA-3518,Female,Colon,0,NO
TCGA-AA-3525,Male,Colon,1,NO
TCGA-AA-3526,Male,Colon,0,YES
TCGA-AA-3529,Female,Colon,0,NO
TCGA-AA-3531,Female,Colon,0,NO
TCGA-AA-3534,Female,Colon,0,YES
TCGA-AA-3552,Male,Colon,0,NO
TCGA-AA-3554,Female,Colon,0,YES
TCGA-AA-3558,Male,Colon,0,NO
TCGA-AA-3561,Male,Colon,0,YES
TCGA-AA-3664,Female,Colon,1,NO
TCGA-AA-3666,Male,Colon,0,NO
TCGA-AA-3672,Female,Colon,0,NO
TCGA-AA-3684,Female,Colon,1,YES
TCGA-AA-3695,Female,Colon,0,YES
TCGA-AA-3710,Female,Colon,0,NO
TCGA-AA-3715,Male,Colon,1,YES
TCGA-AA-3818,Female,Colon,0,NO
TCGA-AA-3848,Female,Colon,0,YES
TCGA-AA-3986,Male,Colon,0,YES
TCGA-AA-3989,Male,Colon,0,YES
TCGA-AA-A004,Male,Colon,0,YES
TCGA-AA-A00A,Male,Colon,0,NO
TCGA-AA-A00A,Male,Colon,0,NO
TCGA-AA-A00F,Male,Colon,0,NO
TCGA-AA-A00K,Male,Colon,0,NO
TCGA-AA-A00K,Male,Colon,0,NO
TCGA-AA-A00N,Male,Colon,0,YES
TCGA-AA-A00N,Male,Colon,0,YES
TCGA-AA-A00U,Male,Colon,0,YES
TCGA-AA-A010,Female,Colon,0,NO
TCGA-AA-A01D,Female,Colon,1,NO
TCGA-AA-A01F,Male,Colon,0,YES
TCGA-AA-A01I,Male,Colon,0,YES
TCGA-AA-A01K,Female,Colon,0,NO
TCGA-AA-A01P,Female,Colon,1,NO
TCGA-AA-A01R,Male,Colon,0,NO
TCGA-AA-A01S,Female,Colon,0,NO
TCGA-AA-A01T,Female,Colon,0,NO
TCGA-AA-A01V,Male,Colon,0,NO
TCGA-AA-A01X,Female,Colon,0,YES
TCGA-AA-A01Z,Male,Colon,0,YES
TCGA-AA-A022,Female,Colon,1,NO
TCGA-AA-A024,Male,Colon,0,NO
TCGA-AA-A029,Male,Colon,0,YES
TCGA-AA-A02H,Female,Colon,0,NO
TCGA-AA-A02O,Male,Colon,0,NO
TCGA-AA-A02Y,Male,Colon,0,NO
TCGA-AA-A03F,Female,Colon,0,NO
TCGA-AA-A03J,Female,Colon,0,YES
TCGA-AF-2691,Female,Rectum,0,NO
TCGA-AF-2692,Female,Rectum,0,NO
TCGA-AF-3400,Male,Rectum,0,NO
TCGA-AF-3913,Male,Rectum,0,NO
TCGA-AG-3574,Female,Rectum,0,YES
TCGA-AG-3580,Male,Rectum,0,YES
TCGA-AG-3584,Male,Rectum,0,NO
TCGA-AG-3593,Female,Rectum,0,NO
TCGA-AG-A002,Male,Rectum,1,NO
TCGA-AG-A008,Female,Rectum,0,YES
TCGA-AG-A00C,Female,Rectum,0,NO
TCGA-AG-A00H,Male,Rectum,0,NO
TCGA-AG-A00H,Male,Rectum,0,NO
TCGA-AG-A00Y,Male,Rectum,0,YES
TCGA-AG-A011,Male,Rectum,0,NO
TCGA-AG-A014,Male,Rectum,0,NO
TCGA-AG-A015,Female,Rectum,0,YES
TCGA-AG-A01L,Male,Rectum,0,NO
TCGA-AG-A01W,Female,Rectum,0,NO
TCGA-AG-A01Y,Female,Rectum,0,NO
TCGA-AG-A020,Female,Rectum,0,NO
TCGA-AG-A026,Male,Rectum,0,NO
TCGA-AG-A02N,Male,Rectum,0,NO
TCGA-AG-A02X,Male,Rectum,0,NO
TCGA-AG-A032,Male,Rectum,0,NO